id;nombre;apellido;email;telefono
1;short multimedia spite;hopelessly stale anti;Caridad71@yahoo.com;brr jumpy
2;scarcely tolerate tower;arrogantly;Francisca5@yahoo.com;perk perfect nutmeg
3;evenly;owlishly marmalade supposing;Gabriela.UriasReyes89@gmail.com;because anenst
4;cop-out;resale;Sancho59@hotmail.com;reliable huzzah download
5;reproachfully which hm;properly hmph professor;Lourdes_FierroParedes@gmail.com;weird
6;drat instantly;despite;Gregorio.DelacruzRincon@hotmail.com;nutty excepting hearty
7;adventurously via;subexpression objective;Elvira_BecerraBanda@yahoo.com;great
8;what remorseful;after;Clara42@hotmail.com;igloo supposing police
9;er given;afore savannah trophy;Gabriel.PabonMatias74@hotmail.com;qua elderly offshore
10;hence;pro mortally;MariadelCarmen.CarrasquilloVanegas56@yahoo.com;oof
